Frame,Particles,OpenMP_ms,CUDA_ms,Speedup
100,864,21.4596,10.2238,2.09899
200,864,29.8241,10.2655,2.90528
